{
  "sensortargets": [
    {
      "amplitude": 0.0036477913939072884, 
      "xPosCm": 1.5605889390824608, 
      "yPosCm": 11.06823443641078, 
      "zPosCm": 9.619943734181339
    }, 
    {
      "amplitude": 0.0024821903048935397, 
      "xPosCm": 10.391185447450397, 
      "yPosCm": -50.026211936512645, 
      "zPosCm": 28.88264692808285
    }, 
    {
      "amplitude": 0.0017474196992775801, 
      "xPosCm": -10.970769232264095, 
      "yPosCm": -6.996954723713881, 
      "zPosCm": 8.44987586547226
    }
  ]
}
